content,contentTranslation,languageInEnglish,preprocessed,translated
"&#919;dibus (:Idibus) Ianyaris (:Ianuarias)
mystacogus (:mystagogus, &#956;&#965;&#963;&#964;&#945;&#947;&#969;&#947;&#972;&#962;) docens
GEBEUM et &#7864;t&#803;o&#803;e&#803;n
l&#803;u&#803;c&#803;i&#803;a&#803;n&#803;+ VIC&#803;IC
","On the Ides of January, the guide (religious guide?) teaching Gebeus(?) and Etoe(?) (neither name is otherwise known) (...other letters here...)",Latin/Greek,"idibus ianuarias, mystacogus mystagogus, μυσταγωγός docens, gebeum et ẹṭọẹn, ḷục̣ịạṇ vic̣ic, ","idibus ianuarias, mystacogus mystagogus, mystagogus docens, gebeum et ẹṭọẹn, ḷụ̣ịạṇ vic̣ic,"
"&#916;&#953;&#959;&#947;&#8051;&#957;&#951;&#962; &#8001; &#954;&#965;&#957;&#953;&#954;&#8056;&#962; &#966;&#953;&#955;&#8057;&#963;&#959;&#966;&#959;&#962;
&#7984;&#948;&#8060;&#957; &#947;&#965;&#957;&#945;&#8150;&#954;&#945; &#8017;&#960;&#8056; &#960;&#959;&#964;&#945;&#956;&#959;&#8166; &#966;&#949;=
&#961;&#959;&#956;&#8051;&#957;&#951;&#957;, &#949;&#7990;&#960;&#949;&#957;&#903; &#7940;&#966;&#949;&#962; &#966;&#8051;&#961;&#949;&#963;&#963;&#952;&#945;&#953;<span class='testo_nascosto'>(:&#966;&#8051;&#961;&#949;&#963;&#952;&#945;&#953;)</span>
&#964;&#8056; &#954;&#945;&#954;&#8988;&#8056;&#8989;&#957; &#8017;&#960;&#8056; &#954;&#945;`&#954;&#959;&#8166;´ &#922;&#921;&#933;&#931;.","Diogenes the Cynic philospher, seeing a woman being carried off by the river, said: let the bad thing be carried away by the worse.",Greek,"διογένης ὁ κυνικὸς φιλόσοφος, ἰδὼν γυναῖκα ὑπὸ ποταμοῦ φε, ρομένην, εἶπεν· ἄφες φέρεσσθαιφέρεσθαι, τὸ κακ⌜ὸ⌝ν ὑπὸ κα`κοῦ´ κιυς.","Diogenes the Cynic philosopher, when he saw a woman under the river Fe, Roman, said: afes feresthaiferesthai, tc kak⌜ὸ⌝n ypὸo kakkou' kis."
"Cab=
inio (:&#931;&#945;&#946;&#943;&#957;&#953;&#959;)
S ((S retrogradum))",Sabinio (Σαβινιο),Greek,"cab, inio σαβίνιο, s s retrogradum","cab, inio savinio, s s retrogradum"
&#913;&#914;&#915;&#916;&#917;&#918;&#919;&#920;&#921;&#922;&#923;&#924;,Beginning of Greek alphabet,Greek,αβγδεζηθικλμ,avgdezithiklm
&#7961;&#961;&#956;&#943;&#945;(&#962;),Hermias (i.e. a name),Greek,ἑρμίας,Hermia
&#934;&#953;&#955;&#953;&#960;&#960;&#949;&#803;,Oh Philippos!,Greek,φιλιππε̣,Philip
&#922;&#959;&#947;&#953;&#964;&#940;&#964;&#959;&#965;&#1010; S,Cogitatus (i.e. a name),Latin/Greek,κογιτάτουϲ s,cogitatouϲ s
&#12296;:textus non legitur&#12297;,(Incomprehensible series of characters),Latin/Greek,,
"[&#8008;]&#957;&#818;&#941;&#818;&#1010;&#818;&#953;&#818;&#956;&#818;&#959;&#818;&#1010;&#818;
&#949;&#818;&#965;&#818;&#957;&#965;&#818;&#1010;&#818;
L&#818;I&#818;[-]E&#818;M&#818;",Onesimus (. . .),Greek,"ὀν̲έ̲ϲ̲ι̲μ̲ο̲ϲ̲, ε̲υ̲νυ̲ϲ̲, l̲i̲e̲m̲","ὀν̲έ̲ϲ̲ι̲μ̲ο̲ϲ̲, ε̲υ̲νυ̲ϲ̲, l̲i̲e̲m̲"
&#12296;:textus non legitur&#12297;,(Incomprehensible series of characters),Latin/Greek,,
"V Bombycion (:&#914;&#959;&#956;&#946;&#973;&#954;&#953;&#959;&#957;)
fellat",Bombycion sucks,Latin/Greek,"v bombycion βομβύκιον, fellat","v bombycion bombycion, fellat"
&#913;&#914;&#915;&#916;&#917;&#918;&#919;&#920;,Beginning of Greek alphabet,Greek,αβγδεζηθ,avgdezith
&#913;&#914;&#915;&#916;&#917;,Beginning of Greek alphabet,Greek,αβγδε,a B C D E
&#934;&#940;&#946;(&#953;&#959;&#962;),Fab(ius),Greek,φάβιος,favio
&#916;&#917;&#918;&#919;,(Part of the Greek alphabet),Greek,δεζη,dezi
&#924;&#925;&#926;&#927;&#928;&#929;&#1017;&#932;&#933;&#934;&#935;&#936;&#937;,Second half of Greek alphabet,Greek,μνξοπρϲτυφχψω,I'm sorry
&#913;&#914;&#915;&#916;,(Beginning of an alphabet),Greek,αβγδ,a B C D
&#922;&#923;&#919;&#914;&#921;&#935;&#925;,(series of Greek letters),Greek,κληβιχν,cliché
&#913;&#914;&#915;&#916;&#917;&#918;&#919;&#920;&#921;&#922;&#923;&#924;&#925;&#926;&#818;&#927;&#928;&#929;&#931;&#932;&#933;&#934;&#935;&#936;&#937;,(The whole alphabet in Greek),Greek,αβγδεζηθικλμνξ̲οπρστυφχψω,a B C D E F G H I J K L M N O Q R s t u x y Z
&#923;&#921;&#913;&#914;&#921;&#935;&#932;&#923;,(series of Greek letters),Greek,λιαβιχτλ,liavichtl
"Ocaeanus (:Oceanus)
&#969;",(...) Oceanus,Latin/Greek,"oceanus, ω","oceanus, o"
"&#12296;:columna I&#12297;
C&#932;&#929;&#913;=
&#932;&#927;&#925;&#921;=
&#922;&#927;C (:&#931;&#964;&#961;&#945;&#964;&#972;&#957;&#953;&#954;&#959;&#962;)

&#12296;:columna II&#12297;
Stra=
tonicos (:Stratonicus)
scrips(it)",", cstra, toni, coc stratonicus,,, stra, stratonicus, scripsit",Latin/Greek,", cτρα, τονι, κοc στρατόνικος,,, stra, stratonicus, scripsit",", cstra, toni, coc stratonicus,,, stra, stratonicus, scripsit"
AB,ab,Latin/Greek,ab,ab
&#928;&#961;&#972;&#954;&#955;&#945;,Πρόκλα,Latin/Greek,πρόκλα,provocation
Phlavia (:Flavia) &#920;&#818; l&#818;i&#818;g&#818;i&#818;s&#818; (:lingis),Flavia (other letters here),Latin/Greek,flavia θ̲ l̲i̲g̲i̲s̲ lingis,flavia θ̲ l̲i̲g̲i̲s̲ lingis
 πυγίζομαι,“I am being buggered.”,Greek, πυγίζομαι,I bow down
"ΕΤ[----]ΤΑΣ 
Ε[---]+Λ+Λ ","year, etc",Greek,"εττας, ελλ ","year, etc"
" ὀφθαλ =
μοὺς  [ὑ]=
πὸ  θεῶ̣[ν]
 εὐχαρι =
στῶ  τῇ
[Βαίτῃ]","“(Being healed in) my eyes by the gods, I give thanks to the Baite.”",Greek," ὀφθαλ, μοὺς ὑ, πὸ θεῶ̣ν, εὐχαρι, στῶ τῇ, βαίτῃ","ὀφθαλ, μοὺς ὑ, πὸ θεῶ̣ν, ὐχαρι, στῶ τῇ, vaṃ"
" ζήτημα
Εἴσιδι αδι 
αδι  διασω =
θείς αδι α =
δ[ι’] &#60;Ἰσ&#62;ίδωρ̣ος̣
&#60;:textus non legitur&#62; ΕΝ ","“Riddle: To Isis (adi adi), having been saved (adi adi), Isidoros . . .”",Greek," ζήτημα, εἴσιδι αδι, αδι διασω, θείς αδι α, δι’ ίδωρ̣ος̣, εν ",issue
" φιλῶ  ἧς  ὁ  &#60;ἀ&#62;ριθμὸς
Ατη","“I love (a woman) whose number is 1,308.”",Greek," φιλῶ ἧς ὁ ριθμὸς, ατη","I kiss the rhythm, ati"
Εὐπρέπης,decent,Greek,εὐπρέπης,decent
καρπο̣[---],karpọnewline,Greek,καρπο̣newline,karpọnewline
" [φι]λ̣ῶ  φιλοῦσα  μὴ  φι =
λοῦσαν.  ἐκράφη  σου
 δακτυλε̣ι̣ς̣. 
 &#60;:vacat&#62;  τί  πόλεμον
 &#60;:vacat&#62;  εἴπεις;  τοῦ  δὲ  σοῦ
 &#60;:vacat&#62;  διώλεσεν̣; ","“I love, loving one who does not love (me). It was written with your fingers (?). What war do you mean? Who killed these?”",Greek," φιλ̣ῶ φιλοῦσα μὴ φι, λοῦσαν. ἐκράφη σου, δακτυλε̣ι̣ς̣., τί πόλεμον, εἴπεις; τοῦ δὲ σοῦ, διώλεσεν̣; ","фи̣ῶ филоса мъ фи, they were kissing. Your scribe, daktelẹịṣ., what war do you say? of yours, did you heal?"
"
- - - - - -
 ψας  τοὺς  ἐμοῦ
 ὅλου̣ς̣ ++π++",",, look for me, all of you",Greek,",, ψας τοὺς ἐμοῦ, ὅλου̣ς̣ π",",, look for me, all of you"
 ἔψυγμ̣[αι],“I’ve been chilled.”,Greek, ἔψυγμ̣αι,I'm cold
Ε̣ΥΟ̣+++,ε̣υο̣,Greek,ε̣υο̣,ε̣υο̣
"Πρυτανικός
ΥΤ̣ΙΝΙ 
ΞΡΑΚ̣ΥΤ 
ΓΕΝΟΣ Ν ","rector, yṭini, ξraḳyt, genus n",Greek,"πρυτανικός, υτ̣ινι, ξρακ̣υτ, γενος ν ","rector, yṭini, ξraḳyt, genus n"
" ζήθι
ΠΝ 
ζοή ","zithi, pn, zoi",Greek," ζήθι, πν, ζοή ","zithi, pn, zoi"
[---]ιοι̣ς ,ιοι̣s,Greek,ιοι̣ς ,ιοι̣s
"
 χρυσοῖ  δύο &#60;:textus non legitur&#62;
ματακαισω 
〚τ +〛
 δύο  χ(ρυσοῖ?)",", gold two, matakaiso,, two gold",Greek,", χρυσοῖ δύο, ματακαισω,, δύο χρυσοῖ",", gold two, matakaiso,, two gold"
"εὐτύχε̣ι̣
ΠΟΛΥΠΟΥ̣ ++","εὐτύχε̣ι̣, polypoụ",Greek,"εὐτύχε̣ι̣, πολυπου̣ ","εὐτύχε̣ι̣, polypoụ"
[---]ΓΒΑΒ ,gavv,Greek,γβαβ ,gavv
"[---]ν Φιλεῖνος̣ ΤΗ[---]
[---]ην  εἶπεν οφιλ[---]
[---] Ι̣ΛΕΙΠΟ +++++[---]","newlineν φιλεῖνος̣ at night, if he did not say ofil., the rest that",Greek,"newlineν φιλεῖνος̣ τηνυχτα, ανην εἶπεν οφιλ., το ι̣λειπο που","newlineν φιλεῖνος̣ at night, if he did not say ofil., the rest that"
" ἐμήσθη Χα̣[---]
 τῆς  καλῆς̣  κ̣υ̣λίας
 εὐτύχει Χαρίτων̣
 μετ̣ὰ Ὑιείνου"," “He remembered (e.g.) Charis the beautiful lady. Fare well, Chariton, with Hyginos.”",Greek," ἐμήσθη χα̣χ, τῆς καλῆς̣ κ̣υ̣λίας, εὐτύχει χαρίτων̣, μετ̣ὰ ὑιείνου",ᎢᎪᎢᎪᎢᎪᎢᎪᎢᎪᎡ
" ἐλάινος
 ὁ  πᾶσι  φί =
λητος
 ἐλάινε
 χαίροις
 πολλὰ̣
 ἀγαθώτατε","elainos, ó pási fi, letos, elaine, haiirois, plẶ̀, agathosatete",Greek," ἐλάινος, ὁ πᾶσι φί, λητος, ἐλάινε, χαίροις, πολλὰ̣, ἀγαθώτατε","elainos, ó pási fi, letos, elaine, haiirois, plẶ̀, agathosatete"
" εἰ  γνώμο =
νος  τόπος",“The place of the gnomon.”,Greek," εἰ γνώμο, νος τόπος","in opinion, no place"
"ΑΒΓΥΚΦΚ 
ΨΕΖΗΚ 
ΕΖ++Κ ","avgykfk, pzezik, ezk",Greek,"αβγυκφκ, ψεζηκ, εζκ ","avgykfk, pzezik, ezk"
"ΚΟ+ΤΗ 
ΤΟ++Ο̣ΥΔΙΝ 
 Ἀσίας̣  τύχη
〚+++[--]Ω[--]Σ〛
ΦΥΛΑΞΕΥ+ΟΖΥ 
ΓΟΚΑΜΕ̣+ΜΕ 
 τώπος (:τόπος)","hen, tọydin, ἀσίας̣ fortune,, fylaksevozy, gokamẹme, place place",Greek,"κοτη, τοο̣υδιν, ἀσίας̣ τύχη,, φυλαξευοζυ, γοκαμε̣με, τώπος τόπος","hen, tọydin, ἀσίας̣ fortune,, fylaksevozy, gokamẹme, place place"
"Εὐφροσύνη
Ὀνησίμου",“Euphrosyne daughter of Onesimos.”,Greek,"εὐφροσύνη, ὀνησίμου","cheerfulness, Ὀσιμου"
((:stella)),Stella,Greek,stella,Stella
" μῆλον
 ἡδονή
 λ̣ό̣γ̣[ος]
 [ὄνομα]
 ν̣ή̣σ̣α̣ς̣","μῆλον, ἡδονι, λ̣ό̣γ̣ος, ὄνομα, ν̣ή̣σ̣α̣σ̣",Greek," μῆλον, ἡδονή, λ̣ό̣γ̣ος, ὄνομα, ν̣ή̣σ̣α̣ς̣","μῆλον, ἡδονι, λ̣ό̣γ̣ος, ὄνομα, ν̣ή̣σ̣α̣σ̣"
" ἐξαπίνης ΕΥ++++++++Η 
 ὀφθαλμοῖς+++ &#60;:vacat&#62; Ε 
ΑΛΛΑ ΛΕΓ ̣
 πολλὰ Λ++++","ἐξαπινης εί, ὀφθαλμοῖς e, but say ̣, many l",Greek," ἐξαπίνης ευη, ὀφθαλμοῖς ε, αλλα λεγ ̣, πολλὰ λ","ἐξαπινης εί, ὀφθαλμοῖς e, but say ̣, many l"
"τω 
ρα ",tho,Greek,"τω, ρα ",tho
"Θεαγένης
 &#60;:vacat&#62;  νεικητ(ής)","“Theagenes, victor!”",Greek,"θεαγένης, νεικητής","theageni, actor"
ΚΩΝΤ̣Ρ̣,konṭṛ,Greek,κωντ̣ρ̣,konṭṛ
τ̣άφος ,“Burial” or “grave”,Greek,τ̣άφος ,grave
" &#60;:vacat&#62; AN
Α+ΡΑ+Α
ΜΕ+","an, araa, me",Greek," an, αραα, με","an, araa, me"
" Ἀσίας  π[ρ]ώ̣τοις
 Σαρδιαν̣ο̣ῖ̣ς̣
 οἷς  πᾶν  [κλ]έος
 ἐ̣στὶν  διὰ
 τοὺς  κυρί[ους]. ","“To the Sardians, first of Asia, to whom is all glory because of our lords.”",Greek," ἀσίας πρώ̣τοις, σαρδιαν̣ο̣ῖ̣ς̣, οἷς πᾶν κλέος, ἐ̣στὶν διὰ, τοὺς κυρίους. ","ἀσίας prộtois, sardiaṇọῖ̣̣ṣ, oἷs ᾶpan kleos, ἐ̣istὶn diὰ, the lords."
" &#60;:vacat&#62;  ΑΝΑΚΑΣ 
Α ΠΡΗΣ 
 &#60;:vacat&#62;  ΛΥΩ ","anakas, a pris, I solve",Greek," ανακας, α πρης, λυω ","anakas, a pris, I solve"
 ἐγὼ  ὁ  γ̣ρά̣φων +++++ς  εἰμί.,“I the writer am . . .”,Greek, ἐγὼ ὁ γ̣ρά̣φων ς εἰμί.,I am the writer.
Δι̣ο̣γένης,Diogenes,Greek,δι̣ο̣γένης,Diogenes
οβ ,ob,Greek,οβ ,ob
 ἔψυγμε,“I’ve been chilled.”,Greek, ἔψυγμε,we got cold
"οβ 
δ ","ob, d",Greek,"οβ, δ ","ob, d"
" ὁ  δεδω̣κ̣[ὼς]
 τὸ  πνεῦμ̣[α]
 &#60;:vacat&#62; +[---]",“The one who gave the spirit . . .”,Greek," ὁ δεδω̣κ̣ὼς, τὸ πνεῦμ̣α, pro","ὁ δεδω̣κ̣ὼς, τὸ πνεῦμα̣a, pro"
"ΝΑΕ σοι ΠΑ+ΛΙΚΕ+[---]
ΝΕΙΤΗ εισιν +++[---]
 &#60;:vacat&#62; ΜΕ+ΑΤΩ+[---]
+ΗΣΑΝ̣+[---]","Nae soi palikemu, neite esin two, meatoa, ihanạps",Greek,"ναε σοι παλικεμου, νειτη εισιν δυο, μεατωα, ησαν̣ψ","Nae soi palikemu, neite esin two, meatoa, ihanạps"
"++Τ+ΚΑΘΟΥΡΟΚΕΝ 
 &#60;:vacat&#62; ΤΕ ","tkathuroken, te",Greek,"τκαθουροκεν, τε ","tkathuroken, te"
"[---]+χην ἐκρ &#60;:textus non legitur&#62;
Α̣Π ","don't know, ạp",Greek,"χην ἐκρ, α̣π ","don't know, ạp"
" τικτομ̣έ =
νη  κατ̣ὰ
ΠΑ+ΣΤ++","tiktoṃe, nī kaṭὰ, past",Greek," τικτομ̣έ, νη κατ̣ὰ, παστ","tiktoṃe, nī kaṭὰ, past"
"[---]α 
[---]ντλ 
[---]+ατο ","a, dl, ato",Greek,"α, ντλ, ατο ","a, dl, ato"
"[----]+ΕΙΝ 
[----]+ΕΙΩ ","yes, yes",Greek,"ειν, ειω ","yes, yes"
[---]Μ̣ΟΣΕ ,ṃose,Greek,μ̣οσε ,ṃose
"
 ζήτημα
++ΝΙΕ+++
traces 
+ΑΡ++++++
++ΔΩ̣++++++
 ζ̣ήτημ̣α̣++++
+Τ+++++Α 
++Ν++++ΤΙ̣Α̣
ΕΧ̣++++Ο̣Ν̣+",issue,Greek,", ζήτημα, νιε, traces, αρ, δω̣, ζ̣ήτημ̣α̣, τα, ντι̣α̣, εχ̣ο̣ν̣",issue
"
- - - - - -
&#60;:textus non legitur&#62;
+++ΘΩΙ 
++++ΕΙ 
++ΤΕΒ̣Η 
+ΕΚ̣ΙΣΟΝ 
Ε̣Ι̣ΠΟΝΑΝ 
++ΕΙ̣ΣΘΩ++",...,Greek,",,, θωι, ει, τεβ̣η, εκ̣ισον, ε̣ι̣ποναν, ει̣σθω",...
"&#60;:textus non legitur&#62;
&#60;:textus non legitur&#62;
χ+++θ+
κο[---]
τα+[---]
τ++[---]",",, kth, kotheatro, ta, ti",Greek,",, χθ, κοθεατρο, τα, τι",",, kth, kotheatro, ta, ti"
ΗΚΑΙΑ+,era,Greek,ηκαια,era
"Λειοντισ[ ]  [ εὑ]=
ρὼν  μοιχο[---]
 κατέκτανε [---]","Leontis[kos?], finding an adulterer, killed [him].",Greek,"λειοντισ εὑ, ρὼν μοιχο, κατέκτανε να","liondis ὑ, ρὼn adulterous, conquer to"
"ΤΙΤ++[--]+ΗΝ++Ω+
+++ΤΟΝΜ++++ΟΥ 
++++++++++++++ΛΕ++Η 
+++++++++++ΑΝ ","titino, tonmo, lei, if",Greek,"τιτηνω, τονμου, λεη, αν ","titino, tonmo, lei, if"
"
 Ἀσίας  πρώτοις
 Ἐφεσίοις","(Text 1) ""To the first of Asia! (Text 2) To the Ephesians!”",Greek,", ἀσίας πρώτοις, ἐφεσίοις",", Asia first, Ephesians"
" τόπος
ΑΔ++ΙΣ ",place,Greek," τόπος, αδις ",place
[ὁ]  ἀ̣ν̣α̣γ̣εινώ̣σ̣[κων],"""The reader ...""",Greek,ὁ ἀ̣ν̣α̣γ̣εινώ̣σ̣κων,ὁ ἀ̣ν̣α̣γ̣εινώσ̣κον
"Ε+
Ν+Α 
Π (or Γ)
ΠΕ̣
Σ ","ε, на, π or γ, πε̣, s",Greek,"ε, να, π or γ, πε̣, σ ","ε, на, π or γ, πε̣, s"
"〚[---------]〛 [----]+ΑΠΕ+++[---]
++η̣ τὴν Βαιτη[ν] καὶ  ἀφανίσ[ῃ---]
 &#60;:vacat&#62; τὸ  ἔργ[ο]ν̣ τῷ̣  δήμῳ̣ [---]
[ἐ]ὰν δὲ καὶ  καταπείνῃ μηδὲν[---]
 &#60;:vacat&#62; ΜΗ[---]","say, let it be and destroy, the work of my city, and even if it humbles nothing, do not",Greek," ναπε, η̣ τὴν βαιτην καὶ ἀφανίσῃ, τὸ ἔργον̣ τῷ̣ δήμῳ̣ μου, ἐὰν δὲ καὶ καταπείνῃ μηδὲν, μηκατα","say, let it be and destroy, the work of my city, and even if it humbles nothing, do not"
"
- - - - - -

euseb++
euseb++
pit+++
er ",",,, euseb, euseb, pit, er",Greek,",,, euseb, euseb, pit, er ",",,, euseb, euseb, pit, er"
"+++ (δηνάρια)Δ 
γρ+++
αν+++
γρα++ α<sup>γ</sup>+
π̣αρατ̣++(δηνάρια) Γ ","dinariad, gr, an, gra ag, π̣araṭdinaria c",Greek," δηνάριαδ, γρ, αν, γρα αγ, π̣αρατ̣δηνάρια γ ","dinariad, gr, an, gra ag, π̣araṭdinaria c"
"ΚΑ̣ΤΑΧ̣
ΑΜ̣ΑΛ+","kạtạ, aṃal",Greek,"κα̣ταχ̣, αμ̣αλ","kạtạ, aṃal"
"ΩΔΙ 
ΝΩΖ 
ΟΥ+
 μιμοῦ
Ν++ΥΩ ","odi, noz, o, mimo, nyo",Greek,"ωδι, νωζ, ου, μιμοῦ, νυω ","odi, noz, o, mimo, nyo"
"
ΝΦ",", nf",Greek,", νφ",", nf"
ΟΥΔΕΝΝΟΣ ,“No one’s (place)”?,Greek,ουδεννος ,none
ΔΟ̣,dọ,Greek,δο̣,dọ
"
ζητη 
ΛΥΚΟ ",", ask, wolf",Greek,", ζητη, λυκο ",", ask, wolf"
" Ἀσία
 Ἀσία","asia, asia",Greek," ἀσία, ἀσία","asia, asia"
[---]ΛΧΙΘΑΙ ,newline is available,Greek,newlineλχιθαι ,newline is available
 ὁ  καὶ  πυγίσε τὸν  ἀναγινό<sup>σ</sup>κοντα,“And bugger the reader also.”,Greek, ὁ καὶ πυγίσε τὸν ἀναγινόσκοντα,and he chased away the reprobate
Ἡρακλείδης,Heraklides,Greek,ἡρακλείδης,Heraklides
ΥΦΑΜΤ ,fabric,Greek,υφαμτ ,fabric
" &#60;:vacat&#62; ΕΝΗΣ
 &#60;:vacat&#62; ΣΑ++ΠΙ
 &#60;:vacat&#62; Μ++Μ
&#60;:textus non legitur&#62; Π
&#60;:textus non legitur&#62;
 &#60;:vacat&#62; ΝΙΚΛΑΠΑΝ ","enis, sapi, mm, p,, niklapan",Greek," ενης, σαπι, μμ, π,, νικλαπαν ","enis, sapi, mm, p,, niklapan"
 [---]++  ἐπ’  ἀφροδισίας,. on Venus,Greek,. ἐπ’ ἀφροδισίας,. on Venus
κρόκης ,yolk,Greek,κρόκης ,yolk
"Ὀνήσιμε, μὴ  κλίδισ̣ο̣ν
καὶ  μία̣ι̣ν̣ε τὴν ὑπὸ  θεῶν
 ἐκτημέν̣η̣ν Βαιτην
ἐὰν δ̣ὲ̣ καὶ  καταπείνῃ
- - - - - -","""Οnesimos, do not lock up and pollute the Baite possessed by the gods; but if he also consumes...""",Greek,"ὀνήσιμε, μὴ κλίδισ̣ο̣ν, καὶ μία̣ι̣ν̣ε τὴν ὑπὸ θεῶν, ἐκτημέν̣η̣ν βαιτην, ἐὰν δ̣ὲ̣ καὶ καταπείνῃ,  ","let's be united, don't cry, and let's be together under the gods, spread out, even if it is humbled,"
" ἐπύγισα  καὶ  γω
 ἐπύγισα","I escaped too, I escaped",Greek," ἐπύγισα καὶ γω, ἐπύγισα","I escaped too, I escaped"
ΔΗ̣ ΛΙΚΙΟ ,of age,Greek,δη̣ λικιο ,of age
"+ Ω ++
ΜΟΥΣ 
ΑΔΕΛΦ 
ΤΗΣΜ 
ΤΡΟΣ +
+ΟΝΑ 
ΑΡΑ+","oh, mus, brother, tsm, tros, ona, ara",Greek," ω, μους, αδελφ, τησμ, τρος, ονα, αρα","oh, mus, brother, tsm, tros, ona, ara"
"ΟΣ 
 [---]+ΝΗΡΘΗ","as, came",Greek,"ος, ηνηρθη","as, came"
"ὁ  ἀναγεινώ<sup>σ</sup>=
κων τὸν  θεὸν
σοι  ὀρχῆσαι
ΛΕ+Ν̣ΩΔΕΣ ὀρχη ",“Reader: May the god make you dance … (?)”,Greek,"ὁ ἀναγεινώσ, κων τὸν θεὸν, σοι ὀρχῆσαι, λεν̣ωδες ὀρχη ","the anageneos, kon tịn tẽn, soi ὀῆσαι, lenodes ὀὸν"
"Τρύφ[ω]ν
 Ἐφέσιος
 ἐποίει",“Tryphon the Ephesian made (this).”,Greek,"τρύφων, ἐφέσιος, ἐποίει","Tryphon, Ephesian, poet"
" εὐφήμει
 τοῦ  παιδίου
 τόπος
 διὰ  θεόν
 παίδω̣ν
 δή̣μο̣υ̣
III 
ΑΥ̣Ρ[-]Λ̣[--]Υ̣","eufimei, of the child, place, by God, children, δι̣μο̣υ̣, iii, αυ̣ρλ̣υ̣",Greek," εὐφήμει, τοῦ παιδίου, τόπος, διὰ θεόν, παίδω̣ν, δή̣μο̣υ̣, iii, αυ̣ρλ̣υ̣","eufimei, of the child, place, by God, children, δι̣μο̣υ̣, iii, αυ̣ρλ̣υ̣"
" φιλῶ  ἧς [---]ΤΩΝ 
 ὁ  ἀριθμὸ̣[ς] [---]+HN+[---]
ψλα [-------]+[---]",“I love a (woman) whose number is 731.”,Greek," φιλῶ ἧς /των, ὁ ἀριθμὸ̣ς τωνhnων, ψλα,",kiss ἧς /τον
"Ζ[-]Τ[--]+ΟΑΝΑ 
Π++ΣΑΜΕΝΟΣ 
[-]+ ζήτημα
[-]+ΓΕΤΡ+ΦΟΡ+
[-]+Ω+++Τ++","ztoana, psamenos, issue, getrfor, ot",Greek,"ζτοανα, πσαμενος, ζήτημα, γετρφορ, ωτ","ztoana, psamenos, issue, getrfor, ot"
"Φοῦσ =
κος  δ[ι]- 
κάζων
ΛΑΡΙΑ ","Fuss, Mr. Dikazon, Larisa",Greek,"φοῦσ, κος δι, κάζων, λαρια ","Fuss, Mr. Dikazon, Larisa"
Π̣αρθένα Ζ̣μυρνιαία (:Σ̣μυρναία)++,virgin ẓmyrneaia ẓmyrnea,Greek,π̣αρθένα ζ̣μυρνιαία σ̣μυρναία,virgin ẓmyrneaia ẓmyrnea
"ΑΠΟΛΟΛΕΙ 
 ζήτημα","sorry, question",Greek,"απολολει, ζήτημα","sorry, question"
"[-------]++Α
[-----]++ΕΝΗ
[---]Σ̣ΑΠ̣ΑΤΡΟΣ
Ε̣Π̣Ε̣Θ̣Η̣+Η
&#60;:textus non legitur&#62; Ι ΤΩ
&#60;:textus non legitur&#62; Ι ΡΑ ","α, ενη, ισ̣απ̣ατρος, ε̣π̣ε̣θ̣η̣η, ι τω, ι ρα",Greek,"α, ενη, ισ̣απ̣ατρος, ε̣π̣ε̣θ̣η̣η, ι τω, ι ρα ","α, ενη, ισ̣απ̣ατρος, ε̣π̣ε̣θ̣η̣η, ι τω, ι ρα"
" [ὀφθα]λμοὺς +[---]
[---]  [ε]ὐχαρειστῶ  τῇ [Βαίτῃ] [---]
[--]   ̣θ̣ειῶδ’  ἀγῶνα σ++
[--]  ὑγείᾳ","My eyes, let me be grateful to my presence,",Greek," ὀφθαλμοὺς μου, να εὐχαρειστῶ τῇ βαίτῃ μου, ̣θ̣ειῶδ’ ἀγῶνα σ, ὑγείᾳ","My eyes, let me be grateful to my presence,"
" ὁ̣φ̣θ̣αλμούς
Α++Ε
+++++ισα","ὁ̣φ̣θ̣almous, ae, isa",Greek," ὁ̣φ̣θ̣αλμούς, αε, ισα","ὁ̣φ̣θ̣almous, ae, isa"
"
- - - - - -
+[-]+ΠΟΤΑΙ 
Ι̣ΔΕΙΝ 
ΔΕΣΟΥ++
+++++Ν ",",, potai, ι̣din, tie, n",Greek,",, ποται, ι̣δειν, δεσου, ν ",",, potai, ι̣din, tie, n"
"Χαρίας  ὁ  κα[ὶ] Λ̣ου =
κος  εὐξάμενος
 περὶ  τῶν  ὀφθα̣λ̣μῶν
 τοὺς  λύχνους  ἀπέδωκε
 ἔτους σι","“Charias also called Louk(i?)os, having prayed concerning his eyes, dedicated the lamps. Year
                    210.”",Greek,"χαρίας ὁ καὶ λ̣ου, κος εὐξάμενος, περὶ τῶν ὀφθα̣λ̣μῶν, τοὺς λύχνους ἀπέδωκε, ἔτους σι","of joy, and say, glorious lord, about the eyes, the lamps he gave, years si"
"[---]ης
[---]  τῆς  κ̣α̣λῆς  κυρί=
[ας] [---] ++++  καλῶν  χρωτῶ<sup>ν</sup>
[---] ++++++++++ ΕΩΝ ΚΕ++
[---]+++++ς  τῶν Κ+TΩΝΚΑ̣++
[---]++++++  τῆς  καλῆς  κυλεία̣ς̣ (:κυρίας)
[---] +++++++++++++++++ ΚΟΤΩΝΤΟ+
〚&#60;:textus non legitur&#62;〛
[---]οτο ++++++++++++++ ΕΝ ΜΕΣΩ++
[---]++[------]++++OΔΕ  μία  ὥρα  ἐστί
[---]ο++[--]+ΑΝΑΝ̣++++","of the good lady, of the good colors, of the good colors, of the good women",Greek,"ης, ας τῆς κ̣α̣λῆς κυρί, ας των καλῶν χρωτῶν,, εων κε, ς τῶν κtωνκα̣, ας τῆς καλῆς κυλεία̣ς̣ κυρίας, εν κοτωντο,, οοτο εν μεσω, newlineoδε μία ὥρα ἐστί, καιοαναν̣","of the good lady, of the good colors, of the good colors, of the good women"
" φιλῶ  ἧς  ὁ  ἀρι[θμὸς]
χις ο̣πολλ+[---]",“I love a woman whose number is 616.”,Greek," φιλῶ ἧς ὁ ἀριθμὸς, χις ο̣πολλγ","φιλῶ ἧς ὁ ἀριθμὸς, his ọpollg"
ΟΞΕY+Ṭ,acid,Greek,οξεyṭ,acid
"Πι̣+++ευδον++
ἐπῆλθε̣ν̣","pịeudon, ἐπῆλθε̣ν̣",Greek,"πι̣ευδον, ἐπῆλθε̣ν̣","pịeudon, ἐπῆλθε̣ν̣"
ολοπληθος ,crowded,Greek,ολοπληθος ,crowded
"ὑπ’ ὀψὲ ὄρη Πάρις 
ΠΕ++Ε+ΟΡΕΦ[---]
χρυσο̣[---]","ὑπ’ ὀψὲ ὄri paris, peoref, chrysọpe",Greek,"ὑπ’ ὀψὲ ὄρη πάρις, πεεορεφ, χρυσο̣πε","ὑπ’ ὀψὲ ὄri paris, peoref, chrysọpe"
"[---]ος δικα[---]
[---] ζοη [---]
 ἄγγελος  π̣υγίζει  μ̣έ",A messenger (or angel) is buggering me.”,Greek,"ος δικαμου, ζοη, ἄγγελος π̣υγίζει μ̣έ","all mine, life, angel bless me"
Τίτος,Titus,Greek,τίτος,Titus
"
- - - - - -
+++[--]+[-]++++[---]
ταθίου  καὶ πρωτο +[---]
 ε̣ὐχόμεθα  ε̣ὐτυχεῖ[ν]
 μετὰ  ἡμῶν.  εὐτύχ[ει]
Σ̣αβεῖνε  μετὰ Εὐστα =
〚ΥΤΩ〛θίου.  &#60;:vacat&#62; 
 εὐθόμεθα (:εὐχόμεθα)  σὲ  εὐτυχεῖ[ν]
 μετὰ  ὑμ̣ῶν (:ἡμῶν)
 πολλ<sup>ο</sup>ῖς ἔτεσιν. ","“. . . [Eus]tathios (?) and first . . . We pray to have good fortune with us. Good luck, Sabinus with Eustathios. We pray that you may have good fortune with us for many years.”",Greek,",,., ταθίου καὶ πρωτο υ, ε̣ὐχόμεθα ε̣ὐτυχεῖν, μετὰ ἡμῶν. εὐτύχει, σ̣αβεῖνε μετὰ εὐστα, θίου., εὐθόμεθα εὐχόμεθα σὲ εὐτυχεῖν, μετὰ ὑμ̣ῶν ἡμῶν, πολλοῖς ἔτεσιν. ",",,., Tathiou and first of all, we wish you luck, with us. Good luck, save me with you, Lord, we wish you good luck, with you, for many years."
"[---]ΤΟΝ 
[---]Ο++
[---] &#60;:textus non legitur&#62;","with tuna,",Greek,"μετον, ο, ","with tuna,"
"τ̣ί̣τθη 
[---] Τ+++ O 
[--]πλευς 
 πινκίρνας
 πρῶτος","τ̣ί̣τθη, for τ o, pleis, pinkirnas, first",Greek,"τ̣ί̣τθη, για τ o, πλευς, πινκίρνας, πρῶτος","τ̣ί̣τθη, for τ o, pleis, pinkirnas, first"
"[---]  ἐ̣ξ̣ώ̣λη  σου
[---]  ἀ̣δε̣λ̣φὸς̣  ἐξώλη
 [τῷ]  [ἀναγιν]ώ̣σ̣κοντι
[---Τ]ροφίμη
[---] +ΝΕΘΗΣ 
[---] +ΑΙ ΕΝΟΗΓΑΣ 
Θάλλος","s ἐ̣ξ̣ώ̣li your, the ἀ̣dẹλ̣φὸς̣ ἐξολι, τῷ αναγινο̣σ̣konti, food, ai nethis, ai ai enoigas, thallos",Greek,"ς ἐ̣ξ̣ώ̣λη σου, ο ἀ̣δε̣λ̣φὸς̣ ἐξώλη, τῷ ἀναγινώ̣σ̣κοντι, τροφίμη, αι νεθης, αι αι ενοηγας, θάλλος","s ἐ̣ξ̣ώ̣li your, the ἀ̣dẹλ̣φὸς̣ ἐξολι, τῷ αναγινο̣σ̣konti, food, ai nethis, ai ai enoigas, thallos"
 φίλ’  ἐλάθε{ι}  ὢν  [ν]όθ{η}<sup>ο</sup>ς,"“Friend, did it escape your notice that you’re a bastard?”",Greek, φίλ’ ἐλάθε{ι} ὢν νόθ{η}ος,"friend, wrong"
ζήτη[μα] [---],newline issue,Greek,ζήτημα newline,newline issue
/Δφξβ ,/dfxv,Greek,/δφξβ ,/dfxv
"
κυβ 
οβ ",", cubic, ob",Greek,", κυβ, οβ ",", cubic, ob"
"[------]+ΕΙΝΤ[---]
+Ν++++ΕΙΣΕΘΩΚΑ[---]
ΒΩΦ+[-]++Θ̣ ΕΕΚΑ[---]
+Ε+Η++ΟΣ̣ΩΡΕ[---]","int., sleep, sleep, sleep",Greek,"ειντ., νεισεθωκα, βωφθ̣ εεκα, εηοσ̣ωρε,","int., sleep, sleep, sleep"
"
 ψωλή",", poop",Greek,", ψωλή",", poop"
"Κέλσου
Κέλσου
Κέλσου
Κέλσου
Κέλσου
Κέλσου","move, move, move, move, move, move",Greek,"κέλσου, κέλσου, κέλσου, κέλσου, κέλσου, κέλσου","move, move, move, move, move, move"
"μίαν̣ φιλ[ῶ]
ἧς ἀριθμ[ὸς] [+2?+]",“I love one woman whose number is [--].”,Greek,"μίαν̣ φιλῶ, ἧς ἀριθμὸς ","μιαν̣ φιλῶ, ἧς ἀριθμὸς"
" θελητὴ
 ἡ  κυρία",“The lady is desired (?).”,Greek," θελητὴ, ἡ κυρία","willing, the lady"
"
 ζήτημα
 δέκα  ἐ̣[πὶ]
 δέκα
ρ
 πρὼ  γαμε =
[ῖ]ν  μὴ̣  πίνετε
ΗΝΗΝ ","“Ten by ten, 100.”",Greek,", ζήτημα, δέκα ἐ̣πὶ, δέκα, ρ, πρὼ γαμε, ῖν μὴ̣ πίνετε, ηνην ",", issue, ten ἐ̣πὶ ten"
"
ΤΟΣ 
 &#60;:vacat&#62; +ΑΜΟΝΩ 
 ἐσφά =
γη","“He (she, it) was slaughtered.”",Greek,", τος, αμονω, ἐσφά, γη",", tis, ano, esfa, earth"
" ζήτη =
μα","ask, ma",Greek," ζήτη, μα","ask, ma"
"+
[---]  τόπος",",, place",Greek,",, τόπος",",, place"
οξ ,ox,Greek,οξ ,ox
"ω ω ω ω ω ω 
ο ο ο ο ο ο 
θ̣+ο̣ρι ","oh oh oh oh oh oh, o o o o o o o, θ̣ο̣ri",Greek,"ω ω ω ω ω ω, ο ο ο ο ο ο, θ̣ο̣ρι ","oh oh oh oh oh oh, o o o o o o o, θ̣ο̣ri"
 Ἀσείας,asceias,Greek, ἀσείας,asceias
 εἰς ++[---],into you,Greek, εἰς σε,into you
" δῆμος
 σ̣ὺν ε̣ +
Ε ++ Ι̣
 πυγίζε =
ται",“He is being buggered.”,Greek," δῆμος, σ̣ὺν ε̣, ε ι̣, πυγίζε, ται","δῆμος, σ̣ὺν ε̣, ε ι̣, pygize, ται"
" τ̣ῶν  ὀφθαρμί =
ων  ἐθαραπεύ 
θη",“He/she was healed in the eyes.”,Greek," τ̣ῶν ὀφθαρμί, ων ἐθαραπεύ, θη","τ̣ῶν ὀφθarmι, ον ἐθαραπευ, thi"
"ΑΜΠΗΣ 
+ΩΣ ","ambe, as",Greek,"αμπης, ως ","ambe, as"
"ΚΑΙΑΠΟ̣ΕΑΝΟΣ 
Εἴσις","kaiapọeanos, ἴisis",Greek,"καιαπο̣εανος, εἴσις","kaiapọeanos, ἴisis"
"ΑΨΟΕ
ΟΒ ΗΘΧΑ 
ΕYΗ 
ΕΥΗ ","apsoe, ov itha, eyhi, evi",Greek,"αψοε, οβ ηθχα, εyη, ευη ","apsoe, ov itha, eyhi, evi"
Δημόκ̣ριτος,Democritus,Greek,δημόκ̣ριτος,Democritus
 Ἀσίας,asia,Greek, ἀσίας,asia
" [χ]αῖρε  Τράλ =
[λε]ις  πρώτ =
η̣  Ἀνατο =
λῆς (or  ἀνατο=
λῆς)
Π+ΡΕΙΣ 
ΗΧΑ+Η ","“Greetings Tralleis, first of Anatolia (or ‘of the East’).”",Greek," χαῖρε τράλ, λεις πρώτ, η̣ ἀνατο, λῆς or ἀνατο, λῆς, πρεις, ηχαη ",hello tral
"Ε[---] +Σ ΔΕΙ[---]
ΚΑΤΑΠΟΤΑ [---]
Γ̣ΡΑΦΙΤΑΥ[---]
ΣΙΠΙΛΑΣ[---]
ΜΑΝΗ̣Σ+[---]
 ταῦτα  λεγόμ̣[ε]νο̣ς̣ [---]
 ἂν  σοὶ  δοκεῖ [---]",ei s déi?,Greek,"ει σ δει;, καταποτα, γ̣ραφιταυ, σιπιλας, μανη̣ς, ταῦτα λεγόμ̣ενο̣ς̣, ἂν σοὶ δοκεῖ γραφ",ei s déi?
"ὀφθαλ=
μῶι ",“For the eye.”,Greek,"ὀφθαλ, μῶι ","Eye, eye"
((:stellae)),stellae,Greek,stellae,stellae
+εχαλ ,echal,Greek,εχαλ ,echal
"του ε+[---]
λουσιν [---]
πης ","of e, wash, drink",Greek,"του ε, λουσιν, πης ","of e, wash, drink"
ΚΕΗΡ ,old man,Greek,κεηρ ,old man
"ΑΝ &#60;:vacat&#62; Θ 
ΚΕ 
Υ ","if i, ke, u",Greek,"αν θ, κε, υ ","if i, ke, u"
"ΑΛΙ[---]
ΔΕ̣Ι[---]","ali', newline",Greek,"αλι', δε̣ιnewline","ali', newline"
κοε ,hey,Greek,κοε ,hey
"Ἀλέξανδ =
ρε","Alexander, hey",Greek,"ἀλέξανδ, ρε","Alexander, hey"
"
Κ̣ΟΕΣ̣
 πρώτοις
[---]ο̣ι̣ς̣ ΜΝΑ ++ΔΕ[-]Ε̣",", first, first, DEE DEE",Greek,", κ̣οες̣, πρώτοις, δο̣ι̣ς̣ μνα δεε̣",", first, first, DEE DEE"
"ΑΜ 
Π̣Ε 
+++ δεστανωι ","am, p̣e, destanoi",Greek,"αμ, π̣ε, δεστανωι ","am, p̣e, destanoi"
ὁ ἀναγ ,the relator,Greek,ὁ ἀναγ ,the relator
"[---]ΗΣ Ο̣[---]
ΨΝ[---]
 &#60;:vacat&#62; +[---]","/ηs ọallos, psn., m",Greek,"/ης ο̣αλλος, ψν., μ","/ηs ọallos, psn., m"
[---]  Ἀ̣σ̣ίας,", ἀ̣σ̣ias",Greek,", ἀ̣σ̣ίας",", ἀ̣σ̣ias"
"++++ΙΚΑ+ΑΚ 
Ι+++ Μ+ [--]  ἑατὸν (:ἑαυτὸν)
 γυνὴ ἀχάριστον","ikaak, i m haeathon eaavthon, ungrateful woman",Greek,"ικαακ, ι μ ἑατὸν ἑαυτὸν, γυνὴ ἀχάριστον","ikaak, i m haeathon eaavthon, ungrateful woman"
"ΦΑΙ 
ΙΙ 
ΙΙ 
ΦΙΛΩ ++++++++++ΑΡΑ ","fai, ii, ii, i kiss ara",Greek,"φαι, ιι, ιι, φιλω αρα ","fai, ii, ii, i kiss ara"
"τρηθ̣η̣ει 
δειχει ","it shows, it shows",Greek,"τρηθ̣η̣ει, δειχει ","it shows, it shows"
"ΑΜ+++++
ΠΕΙΠ++","um, say",Greek,"αμ, πειπ","um, say"
"+++
se 
e++++
++",", se, e,",Greek,", se, e, ",", se, e,"
"[---]ΗΚΟΥ̣
[---]ΚΙΟΙΣ ","ηκου̣, enkióis",Greek,"ηκου̣, ενκιοις ","ηκου̣, enkióis"
"ΜΗ[--] &#60;:textus non legitur&#62;
ΠΟΛAΖΗ 
//ΕΤΕΙΜΗΚΤΤΟΝΠΔΡΙ////ΞΟ/// ATΤIΚΑΙΣ 
ΠΕΝΤΑΚOΣ[---]","no, polazi,",Greek,"μη, πολaζη, //ετειμηκττονπδρι////ξο/// atτiκαις, πεντακoς,","no, polazi,"
"
Ἀρτεμιδώρου
 Ζμυρναίου (:Σμυρναίου)
 ἰσόψηφα
 κύριος ω 
 πίστις ω ",", of Artemidorus, of Smyrna, of Smyrna, of Isothefa, lord oh, faith oh",Greek,", ἀρτεμιδώρου, ζμυρναίου σμυρναίου, ἰσόψηφα, κύριος ω, πίστις ω ",", of Artemidorus, of Smyrna, of Smyrna, of Isothefa, lord oh, faith oh"
χαῖρε ,hi,Greek,χαῖρε ,hi
"++[---]
φιλι+[---]","birthday, kisses",Greek,"γενεθλια, φιλινα","birthday, kisses"
" [μῆ]λ[ον]
 ἡδ[ονή]
 λόγο̣ς̣
 ὄνομα
 νή̣σας̣","μῆλον, ἡδονι, λόγο̣σ̣, ὄνομα, νι̣σας̣",Greek," μῆλον, ἡδονή, λόγο̣ς̣, ὄνομα, νή̣σας̣","μῆλον, ἡδονι, λόγο̣σ̣, ὄνομα, νι̣σας̣"
Νεῖλος,Nile,Greek,νεῖλος,Nile
Tύχη,luck,Greek,tύχη,luck
" κοντροκυνή=
 &#60;:vacat&#62; γις","kontrokini, son",Greek," κοντροκυνή, γις","kontrokini, son"
"
 ζῇς
 ζῇς
 ἔψυγμαι",“May you live!”,Greek,", ζῇς, ζῇς, ἔψυγμαι",", you live, you live, I cool down"
[---]ΜΩΣ ,&however,Greek,&μως ,&however
 [φιλῶ]  [ο]ὗ̣  ἀ̣ριθμὸς τνα,“I love a man whose number is 351.”,Greek, φιλῶ οὗ̣ ἀ̣ριθμὸς τνα,φιλῶ οὗ̣ ἀ̣rithὸς tna
"Ἡγεῖνος  εἶπ̣[εν]
 τ̣ὸν̣  ὀφθαλμ[ὸν]
 ἐν  τάχει  ἐθαραπεύ̣[θην]","“Hyginos said, ‘My eye was quickly healed’.”",Greek,"ἡγεῖνος εἶπ̣εν, τ̣ὸν̣ ὀφθαλμὸν, ἐν τάχει ἐθαραπεύ̣θην","ἐγεῖνος ἶπεν, τὸν̣ οφθαλμων, ἐν τάχει θαραπεντην"
"Νεικήτης
 ἐποίει",“Niketes made it.”,Greek,"νεικήτης, ἐποίει","neikitis, works"
"&#12296;:columna I&#12297;
[quid f]it? vi me, oculeì (:oculi), posquam (:postquam) deducxstis (:deduxistis) in ignem
[no]n ob vim vestreis (:vestris) largificatis geneis.
[porr]&#7885; non possunt lacrumae restinguere flamam (:flammam),
[hae]c os incendunt tabificantque animum. 

&#12296;:columna II&#12297;
Tiburtinus epoese (:&#7952;&#960;&#959;&#943;&#951;&#963;&#949;)",", quid fit vi me, oculi, postquam deduxistis in ignem, non ob vim vestris largificatis geneis., porró non possunt lacrumae restinguere flammam, haec os incendunt tabificantque animum.,,, tiburtinus epoese worked",Latin/Greek,", quid fit vi me, oculi, postquam deduxistis in ignem, non ob vim vestris largificatis geneis., porrọ non possunt lacrumae restinguere flammam, haec os incendunt tabificantque animum.,,, tiburtinus epoese ἐποίησε",", quid fit vi me, oculi, postquam deduxistis in ignem, non ob vim vestris largificatis geneis., porró non possunt lacrumae restinguere flammam, haec os incendunt tabificantque animum.,,, tiburtinus epoese worked"
calos Paris,calos paris,Latin/Greek,calos paris,calos paris
"&#949;&#955;&#945;&#946; (:&#7956;&#955;&#945;&#946;&#949;&#962;)
&#960;&#945;&#961;&#949;&#967;&#961;&#951;&#1010;&#959;&#1010; (:&#960;&#945;&#961;&#941;&#967;&#961;&#951;&#963;&#945;&#962;)
&#945;&#960;&#951;&#957;&#959;&#957;&#954;&#949;&#1010; (:&#7936;&#960;&#942;&#957;&#949;&#947;&#954;&#949;&#962;)
&#917;&#916;&#929;&#917;&#1017;","You took
you misused (?)
you brought back
EDRES",Greek,"ελαβ ἔλαβες, παρεχρηϲοϲ παρέχρησας, απηνονκεϲ ἀπήνεγκες, εδρεϲ",received
&#928;IIII,?4,Latin/Greek,πiiii,piiii
"&#922;&#941;&#955;&#1010;&#945; L(ucii) l(iberta) 
&#12314;XIX&#12315;","cell lucii liberta,",Latin/Greek,"κέλϲα lucii liberta, ","cell lucii liberta,"
"&#952;&#949;&#959;&#948;&#959;&#956;&#951;&#964;&#949; &#924; &#913;&#928;&#913;&#932;&#929;&#913;
&#945;&#7984;&#952;&#941;&#961;&#953;&#945;&#953; &#960;&#964;&#941;&#961;&#965;&#947;&#949;&#1010; &#948;&#972;&#955;&#953;&#959;&#965;","(other text here...) 
celestial wings of the crafty one",Greek,"θεοδομητε μ απατρα, αἰθέριαι πτέρυγεϲ δόλιου","theodomite me apatra, ethereal wings of deceit"
"&#7969; &#954;&#955;&#949;&#8150;&#1010; &#964;&#8134;&#1010; &#7940;&#961;&#954;&#955;&#945;&#1010;
&#7969; &#12296;:vacat&#12297; &#959;&#7985;","The key of the small box
the (fem. sing.)       /         the (masc. pl.)",Greek,"ἡ κλεῖϲ τῆϲ ἄρκλαϲ, ἡ οἱ","ἡ κλεῖϲ τῆϲ ἀρκλαϲ, ἡ οἱ"
Ahtus (:Anthus) apais(?) (:&#7940;&#960;&#945;&#953;&#962;),childless(?) Anthus,Latin/Greek,anthus apais ἄπαις,anthus apais
&#934;&#951;&#955;&#949;&#953;&#954;&#943;&#969;&#957; &#956;&#959; &#945;´ &#945;&#1010; &#947;´,"Felicio, one bushel, 3 asses",Latin/Greek,φηλεικίων μο α´ αϲ γ´,Phileikios mo a´ aϲ c´
&#923;&#945;&#964;&#959;&#947;&#941;&#957;&#949;&#953;&#945; &#7961;&#954;&#940;&#964;&#945; (:&#7961;&#954;&#940;&#964;&#951;),"Hecate, born of Leto",Greek,λατογένεια ἑκάτα ἑκάτη,one hundred and one people
&#7964;&#961;&#969;&#962;,Love,Greek,ἔρως,Eros
Nica Crete (:Chreste) issime (:ipsime),nica chreste ipsime,Latin/Greek,nica chreste ipsime,nica chreste ipsime
"[r]enibus hic 
Corvenius","renibus hic, corvenius",Greek,"renibus hic, corvenius","renibus hic, corvenius"
&#922;&#943;&#957;&#957;&#945;&#956;&#959;&#1010;,cinnamon,Greek,κίνναμοϲ,cinnamon
"((:Palma est posita inter verba et omnia scuto cum hastis inclusa sunt)) 
&#914;&#913;&#935;&#935;&#921;S (:Bacchis) &#916;&#927;&#924;&#925;&#913; (:domina)


",Bacchis (is) in charge,Latin/Greek,"palma est posita inter verba et omnia scuto cum hastis inclusa sunt, bacchis domina,,, ","palma est posita inter verba et omnia scuto cum hastis inclusa sunt, bacchis domina,,,"
&#7960;&#960;&#940;&#947;&#945;&#952;&#959;&#803;&#1010;&#803;,Epagathus,Greek,ἐπάγαθο̣ϲ̣,ἐπαγαθο̣ϲ̣
&#7778;&#969;&#963;as (:&#931;&#969;&#963;&#8118;&#962;),You are safe,Latin/Greek,ṣωσas σωσᾶς,You are safe
&#929;&#927;&#933;&#934;&#927;&#1017; (:Rufus),Rufus,Latin/Greek,rufus,rufus
&#934;&#953;&#955;&#8182; &#7975;&#962; &#7936;&#961;&#953;&#952;&#956;&#972;&#962; [---]&#913;,kiss ἧς number a,Greek,φιλῶ ἧς ἀριθμός α,kiss ἧς number a
"((:palma)) &#12296;:vacat&#12297; M
&#913;&#914;&#915;","palma m, avg",Greek,"palma m, αβγ","palma m, avg"
"&#923;&#965;&#954;&#961;&#943;&#969;&#957; 
&#960;&#965;&#947;&#943;&#950;&#953; (:&#960;&#965;&#947;&#943;&#950;&#949;&#953;)",Lucrio buggers.,Greek,"λυκρίων, πυγίζι πυγίζει","lykrian, pygizi pygize"
&#922;&#945;&#955;&#969;&#834;&#1010; &#956;&#945;&#953;&#959;&#961;[&#949;]&#1010; [---]&#953;&#954;&#945;,kalῶϲ majororeϲ UNKika,Latin/Greek,καλῶϲ μαιορεϲ UNKικα,kalῶϲ majororeϲ UNKika
&#1017;&#973;&#956;&#956;&#803;(&#945;&#967;&#959;&#962;),ϲymṃachos,Greek,ϲύμμ̣αχος,ϲymṃachos
calos Castrensis s,calos castrensis s,Latin/Greek,calos castrensis s,calos castrensis s
Dos pygiza (:&#948;&#8056;&#962; &#960;&#965;&#947;&#943;&#963;&#945;&#953;),Let me bugger!,Latin/Greek,dos pygiza δὸς πυγίσαι,dos pygiza δὸς pygisai
panta,always,Latin/Greek,panta,always
"Phoebus
cine&#948;u  (:cinaedus)","phoebus, cinedu cinaedus",Latin/Greek,"phoebus, cineδu cinaedus","phoebus, cinedu cinaedus"
"&#924;&#959;&#965;&#963;&#945;&#8150;&#959;&#962;
&#7952;&#957;&#952;&#940;&#948;&#949;
&#946;&#949;&#953;&#957;&#949;&#8150; (:&#946;&#953;&#957;&#949;&#8150;)","mousāios, Ṭṭhade, veineḥ vineẖ",Greek,"μουσαῖος, ἐνθάδε, βεινεῖ βινεῖ","mousāios, Ṭṭhade, veineḥ vineẖ"
&#927;&#913;&#922;&#921; (:&#934;&#913;&#922;&#921;),what a lens,Greek,οακι φακι,what a lens
&#928;&#941;&#964;&#961;&#969;,stone,Greek,πέτρω,stone
&#7961;&#961;&#956;&#8134;&#1010;,Hermes,Greek,ἑρμῆϲ,ἑρῆϲ
&#924;&#949;&#955;&#943;&#946;&#959;&#953;&#959;&#1010;,Meliboeus,Greek,μελίβοιοϲ,melibioϲ
MHNO&#1017;,less (?),Greek,mhnoϲ,mhnoϲ
Vos fortynati (:fortunati) v(---?),vos fortunate v,Latin/Greek,vos fortunati v,vos fortunate v
&#7945;&#961;&#960;&#959;&#961;(&#954;&#961;&#8118;&#962;),harporkras,Greek,ἁρπορκρᾶς,harporkras
Fru&#949;tus (:Fructus),fructus,Latin/Greek,fructus,fructus
Ikarus &#920;,ikarus i,Latin/Greek,ikarus θ,ikarus i
&#913;&#914;&#915;,a B C,Greek,αβγ,a B C
&#923;&#953;&#946;&#949;&#961;&#8118;&#955;&#953;&#962;,liberal,Greek,λιβερᾶλις,liberal
Antus &#968;&#969;&#955;&#942; Q,antus psolis q,Latin/Greek,antus ψωλή q,antus psolis q
"&#12296;:ad dextram&#12297;
&#8009; &#964;&#959;&#8166; &#916;&#953;&#8056;&#1010;
&#960;&#945;&#8150;&#1010; &#954;&#945;&#955;&#955;&#943;=
&#957;&#949;&#953;&#954;&#959;&#1010; (:&#954;&#945;&#955;&#955;&#943;&#957;&#953;&#954;&#959;&#1010;) &#7977;&#961;&#945;&#954;&#955;&#8134;&#1010;

&#12296;:ad sinistram&#12297;
C&#803;[---]&#913;&#916;&#913;&#921; (:&#7952;&#957;&#952;&#940;&#948;&#949;)
&#954;&#945;&#964;&#959;&#953;&#954;&#949;&#8150;
&#956;&#951;&#948;&#8050;&#957; &#949;&#7984;=
&#963;&#949;&#953;&#940;&#964;&#969; (:&#949;&#7984;&#963;&#943;&#964;&#969;)
&#954;&#945;&#954;&#972;&#956; (:&#954;&#945;&#954;&#972;&#957;)","Heracles, the triumphant son of Zeus, lives here. May no evil enter.",Greek,", ὁ τοῦ διὸϲ, παῖϲ καλλί, νεικοϲ καλλίνικοϲ ἡρακλῆϲ,,, c̣'αδαι ἐνθάδε, κατοικεῖ, μηδὲν εἰ, σειάτω εἰσίτω, κακόμ κακόν",.
&#7960;&#960;&#945;&#966;&#961;&#803;[&#8118;?]++++&#917;&#7778;,ἐπαφρ̣ᾶεṣ,Latin/Greek,ἐπαφρ̣ᾶεṣ,ἐπαφρ̣ᾶεṣ
"&#925;&#933;&#919;&#928;&#923;&#919;
&#918;&#917;&#926;&#937; (?) &#932;&#933;&#935;&#919;","Bride, I'm lucky",Greek,"νυηπλη, ζεξω τυχη","Bride, I'm lucky"
&#8125;&#917;&#960;&#945;&#966;&#961;&#959;&#948;&#943;&#964;&#959;&#1010;,Epaphroditus,Greek,᾽επαφροδίτοϲ,᾽ephroditoϲ
"RFV&#770;B M 
B&#923;

","rfv̂b m, bλ,,",Latin/Greek,"rfv̂b m, bλ,, ","rfv̂b m, bλ,,"
&#7944;&#955;&#941;&#803;&#958;&#945;&#957;&#948;R&#959;&#962;,Alexandros,Latin/Greek,ἀλέ̣ξανδrος,Alexander
"&#921;&#918;
&#920;H&#818;
&#922;&#918;","iz, θh̲, kz",Greek,"ιζ, θh̲, κζ","iz, θh̲, kz"
&#7944;&#946;&#942;&#1010;&#964;&#953;&#959;&#1010;,Abestios,Greek,ἀβήϲτιοϲ,ἀβήϲτιοϲ
"Sabine calos (:&#954;&#945;&#955;&#972;&#962;) Hermeros te amat ((:palma))
Sabine calos  HIIRMIROIITEAMATA ((:palma))","sabine calos good hermeros te amat palma, sabine calos hiirmiroiiteamata palma",Latin/Greek,"sabine calos καλός hermeros te amat palma, sabine calos hiirmiroiiteamata palma","sabine calos good hermeros te amat palma, sabine calos hiirmiroiiteamata palma"
"&#916;&#949;&#803;&#961;&#803;&#947;&#803;&#953;&#945;&#967;&#945;&#953;
&#954;&#945;&#957;&#803;&#964;&#961;&#953;&#945;&#803;","δε̣ρ̣γ̣iahai, kaṇtriạ",Greek,"δε̣ρ̣γ̣ιαχαι, καν̣τρια̣","δε̣ρ̣γ̣iahai, kaṇtriạ"
&#7960;&#960;&#945;&#966;&#8118; (:&#7960;&#960;&#945;&#966;&#961;&#8118;),touches touches,Greek,ἐπαφᾶ ἐπαφρᾶ,touches touches
&#917;&#803;&#933;&#803;Y&#803;ROIVI&#923;C,(incomprehensible series of characters),Latin/Greek,ε̣υ̣ỵroiviλc,ε̣υ̣ỵroivilc
[- - -] &#7964;&#961;&#969;&#962;&#818; [- - -],Love,Greek,! ἔρως̲ !,! ἔρ̲ !
"&#931;&#965;&#957;&#941;&#961;&#969;&#962;
&#954;&#945;&#955;&#8056;&#962; &#946;&#953;&#957;&#949;&#8150;&#962;","by the way, good video",Greek,"συνέρως, καλὸς βινεῖς","by the way, good video"
"((:caput hominis))

&#7981;&#963;&#965;&#967;&#959;&#962;
&#12296;:nomen scriptum ad dexteram imaginis scariphatae&#12297;",Ἥσυχος (Hesychus),Greek,"caput hominis,, ἥσυχος, ","caput hominis,, quiet,"
&#924;&#949;&#955;&#943;&#946;&#959;&#953;&#959;&#1010; [-]&#954;&#803;&#945;[&#954;]&#959;&#1010;,Meliboeus (is) bad,Greek,μελίβοιοϲ κ̣ακοϲ,meliboioϲ ḳakoϲ
"C&#818;a&#818;l&#818;os (:&#954;&#945;&#955;&#972;&#962;?) Paris isse (:ipse)
S&#818;eptentrio&#818;","c̲a̲l̲os good paris ipse, s̲eptentrio̲",Latin/Greek,"c̲a̲l̲os καλός paris ipse, s̲eptentrio̲","c̲a̲l̲os good paris ipse, s̲eptentrio̲"
&#924;&#959;&#955;&#945; &#966;&#959;&#965;&#964;&#959;&#965;&#964;&#961;&#953;&#962;,mola fututris,Latin/Greek,μολα φουτουτρις,mola fututris
"&#916;&#953;&#974;&#966;&#945;&#957;&#964;&#959;&#1010; (:&#916;&#953;&#972;&#966;&#945;&#957;&#964;&#959;&#1010;)
&#924;&#919;&#924;+++++++
&#12296;:vacat&#12297;
&#7948;&#948;&#969;&#957;&#1010; (:&#7948;&#948;&#969;&#957;&#953;&#1010;)
&#7977;&#955;&#953;&#972;&#948;&#969;&#961;&#959;&#1010;
&#7944;&#803;&#961;&#803;&#964;&#949;&#956;&#8134;&#1010;
&#916;&#953;&#959;&#947;&#941;&#957;&#951;&#1010;
&#914;&#945;&#973;&#948;&#945;&#957;&#959;&#1010;
&#7944;&#960;&#959;&#955;&#974;&#948;&#969;&#961;&#959;&#1010; (:&#7944;&#960;&#959;&#955;&#955;&#972;&#948;&#969;&#961;&#959;&#1010;)
&#916;&#921;&#927;
&#928;&#959;&#955;&#972;&#957;&#953;&#959;&#1010; (:&#7944;&#960;&#959;&#955;&#955;&#974;&#957;&#953;&#959;&#1010;)
&#7960;&#960;&#940;&#947;&#945;&#952;&#959;&#1010;",Diophantus Diophantus,Greek,"διώφαντοϲ διόφαντοϲ, μημ,, ἄδωνϲ ἄδωνιϲ, ἡλιόδωροϲ, ἀ̣ρ̣τεμῆϲ, διογένηϲ, βαύδανοϲ, ἀπολώδωροϲ ἀπολλόδωροϲ, διο, πολόνιοϲ ἀπολλώνιοϲ, ἐπάγαθοϲ",Diophantus Diophantus
"&#924;&#917;&#918;&#919;&#920;&#921;&#922;&#923;&#923;&#921;
&#926;&#927;&#928;&#803;[---]","mezithiklli, xop̣me",Greek,"μεζηθικλλι, ξοπ̣με","mezithiklli, xop̣me"
"&#913;&#914;&#929;&#916;&#913;&#929;&#913;[+5?+]&#937;&#913;&#929;[+1?+]&#913;&#929;&#924;
&#924;II&#929;&#927;&#913;&#914; · + &#927;&#927;[+2?+]&#924;[+1?+]&#929;&#921;[+2?+]&#915;&#933;+&#937;&#928;&#921;
+&#927;&#932;&#917;&#915;&#913;&#929;&#913;&#921;&#915;&#933;T[+2?+]E&#928;&#917;&#924;&#928;
+&#913;&#925;&#915;&#1017;",(incomprehensible series of Greek letters),Greek,"αβρδαραωαραρμ, μiiροαβ · οομριγυωπι, οτεγαραιγυteπεμπ, ανγϲ","avrdaraoararm, miiroab · oomrigiopi, otegaragitepeb, angϲ"
&#7945;r&#960;&#959;&#954;r&#8118;(&#962;) (:&#7945;&#961;&#960;&#959;&#954;&#961;&#8118;&#962;),Harpokras Harpokras,Latin/Greek,ἁrποκrᾶς ἁρποκρᾶς,Harpokras Harpokras
"&#7944;&#956;&#941;&#961;&#953;&#956;&#957;&#959;&#962; &#7952;&#956;&#957;&#942;&#963;&#952;&#951; &#7937;&#961;&#956;&#959;&#957;&#943;&#945;&#962; &#964;&#8134;&#962; &#949;&#7984;&#948;&#943;&#945;&#962; &#954;&#965;&#961;&#943;&#945;[&#962;] 
&#949;&#960;&#8127; &#7936;&#947;&#945;&#952;&#8183; &#7969;&#962; &#8001; &#7936;&#961;&#953;&#952;&#956;&#972;&#962; &#913;&#923;&#917; &#964;&#959;&#8166; &#954;&#945;&#955;&#959;&#8166; &#8000;&#957;&#972;&#956;&#945;&#964;&#959;&#962;.","unconcerned about the harmony of the special lady, for her good is the number of the ale of the good name.",Greek,"ἀμέριμνος ἐμνήσθη ἁρμονίας τῆς εἰδίας κυρίας, επ᾿ ἀγαθῷ ἡς ὁ ἀριθμός αλε τοῦ καλοῦ ὀνόματος.","unconcerned about the harmony of the special lady, for her good is the number of the ale of the good name."
&#7961;&#961;&#957;&#8134;&#962; (:&#7961;&#961;&#956;&#8134;&#962;),winter mercury,Greek,ἑρνῆς ἑρμῆς,winter mercury
